url,title,meta_description
https://www.dlsu.edu.ph/inside/vision-mission,Vision-Mission - De La Salle University,None
https://www.dlsu.edu.ph/about-dlsu,About - De La Salle University,"Nestled in the heart of Manila, De La Salle University is home to local and international students seeking quality education for a brighter future ahead."
https://www.dlsu.edu.ph/inside/,Quick Facts and Figures - De La Salle University,None
https://www.dlsu.edu.ph/about-dlsu/ourcorevalues/,Our Core Values and Principles - De La Salle University,"The Foundational Principles of Lasallian Formation, Education in the Philippines, and Social Development, are the ongoing efforts to define the nature of the Lasallian presence."
https://www.dlsu.edu.ph/guiding-principles,Guiding Principles of the Philippine Lasallian Family - De La Salle University,None
https://www.dlsu.edu.ph/university-governance,University Governance - De La Salle University,None
https://www.dlsu.edu.ph/history-and-traditions,History and Traditions - De La Salle University,None
https://www.dlsu.edu.ph/smqa/,Office of Strategic Management and Quality Assurance - De La Salle University,None
https://www.dlsu.edu.ph/administration/,Administration - De La Salle University,None
https://www.dlsu.edu.ph/emeriti/,List of Emeriti - De La Salle University,None
https://www.dlsu.edu.ph/brothers/,The De La Salle Brothers - De La Salle University,None
https://www.dlsu.edu.ph/lasallianmission/,Lasallian Mission at DLSU - De La Salle University,"The Lasallian Mission at DLSU is essentially the mission of the entire University community as expressed in its Vision-Mission Statement. Each member is invited to integrate this Mission with their specific role and expertise, contributing their part to the University becoming a resource for Church and nation."
https://www.dlsu.edu.ph/staff-directory/,Staff Directory - De La Salle University,None
https://www.dlsu.edu.ph/offices/president/aaro/,Advancement and Alumni Relations - De La Salle University,None
https://www.dlsu.edu.ph/jobs/,Jobs - De La Salle University,None
https://www.dlsu.edu.ph/inside/board-advisors/,The University Board of Advisors - De La Salle University,None
https://www.dlsu.edu.ph/admissions,DLSU Admissions - De La Salle University,None
https://www.dlsu.edu.ph/admissions/undergraduate/,Undergraduate Admissions - De La Salle University,None
https://www.dlsu.edu.ph/admissions/scholarships/,Scholarships - De La Salle University,None
https://www.dlsu.edu.ph/integrated-school/,Integrated-School - De La Salle University,None
https://www.dlsu.edu.ph/colleges,Colleges - De La Salle University,None
https://www.dlsu.edu.ph/colleges/,Colleges - De La Salle University,None
https://www.dlsu.edu.ph/colleges/bagced/academic-departments/counseling-educational-psychology/,Counseling and Educational Psychology - De La Salle University,None
https://www.dlsu.edu.ph/colleges/bagced/academic-departments/educational-leadership-management/,Educational Leadership and Management - De La Salle University,None
https://www.dlsu.edu.ph/colleges/bagced/academic-departments/physical-education,Physical Education - De La Salle University,None
https://www.dlsu.edu.ph/colleges/bagced/academic-departments/science-education,Science Education - De La Salle University,None
https://www.dlsu.edu.ph/integratedschool-test/senior-high-school/,Senior High School - De La Salle University,None
https://www.dlsu.edu.ph/colleges/ccs/,College of Computer Studies - De La Salle University,None
https://www.dlsu.edu.ph/colleges/ccs/academic-departments/information-technology/,Information Technology - De La Salle University,"The Information Technology Department enables professionals to analyze organizational situations, design, formulate, evaluate, and develop IT solutions."
https://www.dlsu.edu.ph/colleges/ccs/academic-departments/software-technology/,Software Technology - De La Salle University,"The Software Technology Department trains students in software engineering, focusing on the design of efficient, reliable, and quality software products."
https://www.dlsu.edu.ph/tdsol/,School of Law - De La Salle University,None
https://www.dlsu.edu.ph/colleges/cla/academic-departments/behavioral-sciences/,Department of Sociology and Behavioral Sciences - De La Salle University,None
https://www.dlsu.edu.ph/colleges/cla/,College of Liberal Arts - De La Salle University,None
https://www.dlsu.edu.ph/colleges/cla/academic-departments/communication/,Department of Communication - De La Salle University,None
https://www.dlsu.edu.ph/colleges/cla/academic-departments/history/,History - De La Salle University,None
https://www.dlsu.edu.ph/colleges/cla/academic-departments/literature/,Literature - De La Salle University,None
https://www.dlsu.edu.ph/colleges/cla/academic-departments/international-studies/,International Studies - De La Salle University,None
https://www.dlsu.edu.ph/colleges/cla/academic-departments/philosophy/,Philosophy - De La Salle University,None
https://www.dlsu.edu.ph/colleges/cla/academic-departments/psychology/,Psychology - De La Salle University,None
https://www.dlsu.edu.ph/colleges/cla/academic-departments/theology-religious-education/,Theology and Religious Education - Overview - De La Salle University,None
https://www.dlsu.edu.ph/colleges/cos/,College of Science - De La Salle University,None
https://www.dlsu.edu.ph/colleges/cos/departments/biology/,Biology - De La Salle University,"The Biology Department undertakes teaching and research in a wide range of biological disciplines. Recognized consistently as a Center of Excellence by the Commission of Higher Education (CHED), the Department has highly competent teachers committed to training students and producing quality research."
https://www.dlsu.edu.ph/colleges/cos/departments/mathematics/,Mathematics and Statistics - De La Salle University,None
https://www.dlsu.edu.ph/colleges/cos/departments/physics/,Department of Physics - De La Salle University,None
https://www.dlsu.edu.ph/colleges/gcoe/,Gokongwei College of Engineering - De La Salle University,"Degrees in Mechanical Engineering, Electronics Engineering, Chemical Engineering, Industrial Management Engineering, Computer Engineering, Manufacturing Engineering"
https://www.dlsu.edu.ph/colleges/gcoe/academic-departments/chemical-engineering/,Chemical Engineering - De La Salle University,None
https://www.dlsu.edu.ph/colleges/gcoe/academic-departments/industrial-engineering/,Industrial and Systems Engineering - De La Salle University,None
https://www.dlsu.edu.ph/colleges/gcoe/academic-departments/manufacturing-engineering-management/,"Department of Biomedical, Manufacturing, and Robotics Engineering - De La Salle University",None
https://www.dlsu.edu.ph/colleges/gcoe/academic-departments/electronics-communications-engineering/,"Department of Electronics, Computer and Electrical Engineering - De La Salle University",None
https://www.dlsu.edu.ph/colleges/gcoe/academic-departments/mechanical-engineering/,Mechanical Engineering - De La Salle University,None
https://www.dlsu.edu.ph/colleges/rvrcob/academic-departments/accountancy/,Department of Accountancy - De La Salle University,None
https://www.dlsu.edu.ph/colleges/rvrcob/academic-departments/commercial-law/,Department of Commercial Law - De La Salle University,None
https://www.dlsu.edu.ph/colleges/rvrcob/academic-departments/dsi/,Department of Decision Sciences and Innovation - De La Salle University,None
https://www.dlsu.edu.ph/colleges/rvrcob/academic-departments/management-organization-department/,Department of Management and Organization - De La Salle University,Bridging faith and management practice
https://www.dlsu.edu.ph/colleges/rvrcob/academic-departments/marketing-management/,Department of Marketing and Advertising - De La Salle University,None
https://www.dlsu.edu.ph/colleges/soe/,School of Economics - De La Salle University,None
https://www.dlsu.edu.ph/campuses,Campuses - De La Salle University,None
https://www.dlsu.edu.ph/laguna-campus,laguna-campus - De La Salle University,None
https://www.dlsu.edu.ph/campuses/makati,Makati (RCBC) Campus - De La Salle University,None
https://www.dlsu.edu.ph/campuses/rufino,Rufino (BGC) Campus - De La Salle University,None
https://www.dlsu.edu.ph/admissions/undergraduate/degree-programs/,Degree Programs - De La Salle University,None
https://www.dlsu.edu.ph/offices/osa/_pdf/amendments-on-sh-1518.pdf,No Title,None
